Title,Price
Jantsen Fucks Tvboo Sucks Unisex Softstyle T-Shirt,$40.67
Tvboo  Nascar Unisex Softstyle T-Shirt,$25.80
Tvboo  Unisex Softstyle T-Shirt,$40.67
Tvboo  Unisex Softstyle T-Shirt,$40.67
Tvboo  Unisex Softstyle T-Shirt,$40.67
Tvboo Gone Fishin Unisex Softstyle T-Shirt,$40.67
Tvboo Trashy Tour Unisex Softstyle T-Shirt,$40.67
Tvboo Unisex Softstyle T-Shirt,$40.67
Tvboo Unisex Softstyle T-Shirt,$25.80
Tvboo Unisex Softstyle T-Shirt,$40.67
Tvboo Unisex Softstyle T-Shirt,$25.80
Tvboo Unisex Softstyle T-Shirt,$25.80
